,id,created_at,favorite_count,retweet_count,text
0,1474792541962878978,2021-12-25 17:21:56+00:00,0,0,"NEAR: NEAR 2021: A Year in Review

https://t.co/SSLsf1PUIg
$NEAR"
1,1474746229846380555,2021-12-25 14:17:55+00:00,4,0,"PHA: Phala‚Äôs Polkadot Slot Auction Strategy

https://t.co/CTvrwUWKsW
$PHA"
2,1474742716953153537,2021-12-25 14:03:57+00:00,0,0,"THE BLOCK: Sen. Lummis to propose new US crypto market overseer next year: report

https://t.co/n1kDNN2vO7"
3,1474658728079241222,2021-12-25 08:30:13+00:00,0,0,"Huobi Global Will List SOS (OpenDAO) in the Pioneer Zone on December 25, 2021

https://t.co/jrRex5CeSx
#Huobi @HuobiGlobal"
4,1474638881362530304,2021-12-25 07:11:21+00:00,0,0,"NAS: 2022 New Year NFT Event

https://t.co/4S8tKU0260
$NAS"
5,1474604362467090432,2021-12-25 04:54:11+00:00,0,0,"COINTELEGRAPH: Turkey‚Äôs crypto law is ready for parliament, President Erdoƒüan confirms

https://t.co/zaZlhh24qb"
6,1474457216719921153,2021-12-24 19:09:29+00:00,0,0,"MBS: The MonkeyBall Weekly Recap

https://t.co/hb8ZEXHyyM"
7,1474447018340896781,2021-12-24 18:28:57+00:00,0,0,"TLM: Alien Worlds presents the Stellar Giveaway Campaign

https://t.co/GKCuf0UmXZ
$TLM"
8,1474428086372478976,2021-12-24 17:13:43+00:00,0,0,"STARS: StarLaunch to Host the Synesis One IDO

https://t.co/oOBI4MrrIu"
9,1474412352149798928,2021-12-24 16:11:12+00:00,0,0,"COINTELEGRAPH: Nifty News: The Red Ape Family show, Mini Royale on Solana and The Weeknd‚Äôs NFT collection

https://t.co/Ws2bKSllOP"
10,1474409621179748362,2021-12-24 16:00:21+00:00,0,0,"COINTELEGRAPH: Finance Redefined: Binance leads $60M Multichain funding, Interlay raises $6.5M, Dec. 17‚Äì24 

https://t.co/OuRyluCGcF"
11,1474385418003038210,2021-12-24 14:24:11+00:00,0,0,"COINTELEGRAPH: Make a wish: New Year's resolutions from crypto industry insiders

https://t.co/GV8CkOCZlL"
12,1474383035021864961,2021-12-24 14:14:42+00:00,0,0,"DUSK: A Message From Dusk Network: 2021 in the Rearview

https://t.co/yxDDeq34mV
$DUSK"
13,1474374382155972613,2021-12-24 13:40:19+00:00,2,1,"Binance Has Completed the bZx Protocol Token (BZRX) Token Swap &amp; Redenomination to OokiDAO Token (OOKI)

https://t.co/6foCcNFGMA
#Binance @binance $OOKI"
14,1474371832660869120,2021-12-24 13:30:12+00:00,0,0,"COINTELEGRAPH: Bitcoin 'Santa rally' pauses at $51.5K as funds bet on a sub-$60K BTC price for January 2022

https://t.co/sLsoDD8LcW
$BTC"
15,1474351290704707584,2021-12-24 12:08:34+00:00,0,0,"COINTELEGRAPH: NFT-based play-to-earn game with a nostalgic 8-bit design set for launch

https://t.co/wF3BdULhd6"
16,1474332790946734092,2021-12-24 10:55:03+00:00,19,3,https://t.co/ny5GRdik7J
17,1474332663016267787,2021-12-24 10:54:33+00:00,1,0,"COINTELEGRAPH: Just 1.3 million Bitcoin left circulating on crypto exchanges

https://t.co/ZovPR0ovT2"
18,1474318942990708745,2021-12-24 10:00:02+00:00,0,0,"[NFT Drops] Access to a surreal landscape. Writer Kim Nam-pyo

https://t.co/sUJ5QbVDvX
#Upbit @upbitglobal"
19,1474317947745320961,2021-12-24 09:56:04+00:00,29,12,"Binance Adds BNX, KEEP, KLAY, MINA, TRIBE on Cross Margin and FLUX, PEOPLE, REQ, SUN, VOXEL on Isolated Margin

https://t.co/BCq1NTcBnR
#Binance @binance $BNX $KEEP $KLAY $MINA $TRIBE $FLUX $PEOPLE $REQ $SUN $VOXEL"
20,1474316733204905984,2021-12-24 09:51:15+00:00,0,0,"COINTELEGRAPH: Bitcoin needs to clear $51K to reduce the chance of new sell-off from BTC whales

https://t.co/DGtmfSCMbW
$BTC"
21,1474309458541035521,2021-12-24 09:22:20+00:00,0,0,"COINTELEGRAPH: Baidu metaverse app would take 6 years for a full launch, VP says

https://t.co/oHkaWO1oDd"
22,1474309124750036994,2021-12-24 09:21:01+00:00,0,0,"CTXC: [Cortex Updates] 2021‚Äì87Ìò∏

https://t.co/GMhSZZtER3
$CTXC"
23,1474305793969344576,2021-12-24 09:07:47+00:00,1,0,"Christmas Battle: Refer, Exchange, and Win $60,000 Worth of @binance Fan Tokens

https://t.co/T0Sb8I9dqR
#Binance"
24,1474296737439404040,2021-12-24 08:31:47+00:00,0,0,"COTI: Djed‚Ää‚Äî‚ÄäDevelopment Update

https://t.co/JOtQ7CZeJC
$COTI"
25,1474293083680518145,2021-12-24 08:17:16+00:00,0,0,"72-Hour Deal: Enjoy 2% Card Fees Rebates for EUR

https://t.co/geh23MFJJs
#Binance @binance $EUR"
26,1474284330923053069,2021-12-24 07:42:30+00:00,0,0,"MBS: The MonkeyHoliday Daily NFT Giveaway Event

https://t.co/mqLcscAEFw"
27,1474278476081422365,2021-12-24 07:19:14+00:00,0,0,"New Year Countdown: Deposit &amp; Buy to Share Up to $45,000 in BNB

https://t.co/adXr8U5K6x
#Binance @binance $BNB"
28,1474269092462874625,2021-12-24 06:41:56+00:00,1,0,"PLA: Poloniex &amp; PlayDapp AMA‚Ää‚Äî‚ÄäReview

https://t.co/JazTIYAP7g
$PLA"
29,1474264625847967748,2021-12-24 06:24:11+00:00,0,0,"[NFT Drops] Global pixel artist Joo Jae-beom creating another world with pixels

https://t.co/Ik6PKsnrgq
#Upbit @upbitglobal"
30,1474264107985559559,2021-12-24 06:22:08+00:00,0,0,"DODO: DODO Aurora Liquidity Pools Go Live December 27

https://t.co/9btII89evq
$DODO"
31,1474261063193538561,2021-12-24 06:10:02+00:00,0,0,"Binance Concludes 6 Promos: DAR Trading Competition, Learn &amp; Trade RAMP, Deposit and Trade FIS, Recurring Thank You, 12.12 Flash Airdrop, Cyber Monday with Capitual

https://t.co/JkwiYMgpoh
#Binance @binance $DAR $RAMP $FIS"
32,1474227628022378498,2021-12-24 03:57:11+00:00,0,0,"Binance Loans Adds Collateral Assets CHR &amp; LUNA

https://t.co/3haWVwpsng
#Binance @binance $CHR $LUNA"
33,1474221064733478945,2021-12-24 03:31:06+00:00,1,1,"Binance Futures Will Launch USDT-Margined ANT Perpetual Contracts with Up to 25X Leverage

https://t.co/LzSHcwpFnc
#Binance @binance $ANT"
34,1474217605661609997,2021-12-24 03:17:21+00:00,0,0,"Sending Crypto to Non-@binance Users Is Now Supported via Binance Pay

https://t.co/FpltfPtxXr
#Binance"
35,1474215991848714243,2021-12-24 03:10:56+00:00,1,1,"Binance Launches VIP Holders and Invitation Programs

https://t.co/G4KNtmkFmp
#Binance @binance"
36,1474213367220944898,2021-12-24 03:00:30+00:00,1,0,"GALA: The Woes of Distributed Consensus

https://t.co/vWuDQLpygs
$GALA"
37,1474213254541070339,2021-12-24 03:00:04+00:00,0,0,"Huobi Global Will List NT (Nextype) in the Pioneer Zone on December 24, 2021

https://t.co/VxQsqA8wPL
#Huobi @HuobiGlobal"
38,1474210333137022976,2021-12-24 02:48:27+00:00,1,0,"GTC: Grants Round 12 Results

https://t.co/J1R4oikWZY
$GTC"
39,1474205164382957571,2021-12-24 02:27:55+00:00,0,0,"PLA: 50% Remain in Our PlayDapp Town PLAYZ NFT Giveaway Event

https://t.co/3wvgvrWKnY"
40,1474198459716718599,2021-12-24 02:01:16+00:00,0,0,"VET: VeChain Builds Government Traceability Platform For The Ongnuid Banner Region, Inner Mongolia‚Ä¶

https://t.co/LufV3o6ntT
$VET"
41,1474197746982789124,2021-12-24 01:58:26+00:00,3,0,"Binance Will List Spell Token (SPELL) and TerraUSD (UST)

https://t.co/jkTqdAAFQw
#Binance @binance"
42,1474142213584080896,2021-12-23 22:17:46+00:00,1,0,"Coinbase Giving: Half Year in Review

https://t.co/srJ8te3VMc
#Coinbase @coinbase"
43,1474107601021460486,2021-12-23 20:00:14+00:00,0,0,"COINTELEGRAPH: US lawmaker planning to introduce comprehensive crypto bill in 2022: report

https://t.co/axOsoQWkMZ"
44,1474086492725288960,2021-12-23 18:36:21+00:00,0,0,"COINTELEGRAPH: Fighting for Web 3.0: Digital wallet wars are the new browser wars

https://t.co/fmlZvX7JMX"
45,1474076044017774602,2021-12-23 17:54:50+00:00,1,0,"ZEC: ECC Transparency Report for Q2 2021

https://t.co/NCLzFCeNYG
$ZEC"
46,1474069824439570435,2021-12-23 17:30:07+00:00,0,0,"COINTELEGRAPH: Bakkt president Adam White announces departure from digital asset platform 

https://t.co/2NjxlZkIhM"
47,1474068660734074890,2021-12-23 17:25:30+00:00,0,0,"BAT: Partitioning Network-State for Privacy

https://t.co/LIdlIAVgfQ
$BAT"
48,1474064294002118656,2021-12-23 17:08:09+00:00,4,2,"WAN: WanBridge for Dogechain-Wanchain Is Live

https://t.co/boxq6QQuEz
$WAN"
49,1474055956178821132,2021-12-23 16:35:01+00:00,1,0,"ICP: The Internet Computer Community Adopts 25 Proposals for Future Crypto Innovation

https://t.co/CUEVso4kHP
$ICP"
50,1474050977384837125,2021-12-23 16:15:14+00:00,1,0,"ALEPH: https://t.co/1iAxtgbR07 Facilitates Data Storage and Indexing for Solana‚Äôs Yield Generation Platform Katana

https://t.co/sKZrU13IIY"
51,1474039676059201546,2021-12-23 15:30:19+00:00,2,0,"Huobi Global Will List ELON (Dogelon Mars) in the Pioneer Zone on December 23, 2021

https://t.co/uUScMGXXAR
#Huobi @HuobiGlobal"
52,1474039014034485248,2021-12-23 15:27:41+00:00,0,0,"ADA: Cardano education in 2021: the year of the pioneers

https://t.co/wiQ4VJfcPG
$ADA"
53,1474034377667588097,2021-12-23 15:09:16+00:00,0,0,"COINDESK: Bakkt President Adam White Announces His Departure

https://t.co/rEgB61tVQg"
54,1474031168286777363,2021-12-23 14:56:31+00:00,0,0,"CTSI: Cartesi x Everstake AMA Recap

https://t.co/C3YCvlSQJD
$CTSI"
55,1474029210289246220,2021-12-23 14:48:44+00:00,0,0,"FARM: Harvest 2021 Recap &amp; 2022 Outlook

https://t.co/9gvJ6BSnG2
$FARM"
56,1474028126489432076,2021-12-23 14:44:26+00:00,0,0,"MBS: All You Need to Know About MonkeyBall‚Äôs Monkey NFTs

https://t.co/AT1jHeTmNt"
57,1474024950818385927,2021-12-23 14:31:48+00:00,0,0,"THE BLOCK: What made Sam Bankman-Fried launch FTX ‚Äî and what he now thinks about the world (Part 2)

https://t.co/ZRSSOhh1Qz"
58,1474023537363013636,2021-12-23 14:26:11+00:00,1,0,"CND: Stoic AI App Users to Get Airdrop

https://t.co/5Zyy52BMxZ
$CND"
59,1474023448985092100,2021-12-23 14:25:50+00:00,0,0,"2021 at a Glance: Oracle Integrations

https://t.co/v04e92vfvn"
60,1474004835208998914,2021-12-23 13:11:53+00:00,0,0,"Multichain is in Partnership with Aurora!

https://t.co/o5uBVtoqLs"
61,1473987571478941702,2021-12-23 12:03:17+00:00,0,0,"COINTELEGRAPH: Binance introduces BNB Auto-Burn to replace quarterly burn protocol

https://t.co/I7tjvKs6ue
$BNB"
62,1473987476121436175,2021-12-23 12:02:54+00:00,0,0,"DAR: Announcing the first Mines of Dalarnia Land Sale!

https://t.co/QJ5aCndJMG
$DAR"
63,1473987468378660874,2021-12-23 12:02:52+00:00,0,0,"ONT: Why ENS does not spell END for DID (2)

https://t.co/FALWc3OWH6
$ONT $ENS"
64,1473978374003511309,2021-12-23 11:26:44+00:00,0,0,"Removal of AXS/BIDR &amp; SUSHI/BIDR Trading Pairs Postponed

https://t.co/LCfkYg12S0
#Binance @binance $AXS $SUSHI"
65,1473974524861456384,2021-12-23 11:11:26+00:00,1,0,"IRIS: Announcing IOBScan-IBC: A Cross-chain Explorer to Inspect IBC Transactions

https://t.co/cuiDLNMMvq
$IRIS"
66,1473967348415672324,2021-12-23 10:42:55+00:00,9,0,"The @CoinDesk employee that thought this picture was a fine thumbnail has to be the most pure and innocent human being to ever live.

https://t.co/4W80Iwc0E7"
67,1473966222857359360,2021-12-23 10:38:27+00:00,3,1,"JASMY: BITPoint used Jasmy as contract money for signing its new ambassador, Tsuyoshi Shinjo # jasmy

https://t.co/Jouk74OjUK
$JASMY"
68,1473959908899016713,2021-12-23 10:13:21+00:00,1,0,"Binance Adds COCOS/TRY, GXS/BNB, LINK/BNB, LUNA/ETH, MDT/BUSD &amp; NULS/BUSD Trading Pairs

https://t.co/C9vuKHaQbh
#Binance @binance $COCOS $GXS $LINK $BNB $LUNA $ETH $MDT $NULS $BUSD"
69,1473959639326859272,2021-12-23 10:12:17+00:00,0,0,"YGG: Introducing YGG Pilipinas Country Manager: Luis Buenaventura

https://t.co/4VvBBCirrm
$YGG"
70,1473958411884707843,2021-12-23 10:07:24+00:00,0,0,"LINA: Linear Exchange Mobile Version Now Available!

https://t.co/3a2yqdQLvL
$LINA"
71,1473956976757460997,2021-12-23 10:01:42+00:00,2,0,"Binance Futures Will Launch USDT-Margined PEOPLE Perpetual Contracts with Up to 25X Leverage

https://t.co/T4HlJYINkz
#Binance @binance $PEOPLE"
72,1473954705659379713,2021-12-23 09:52:41+00:00,0,0,"COINDESK: BNB Burns Will Now Better Reflect DeFi Activity on Binance Smart Chain

https://t.co/4W80Iwc0E7
$BNB"
73,1473951507288633345,2021-12-23 09:39:58+00:00,0,0,"Huobi Global Will List UST (TerraUSD) in the Pioneer Zone on December 23, 2021

https://t.co/Xtk6LJxgek
#Huobi @HuobiGlobal"
74,1473951102777364484,2021-12-23 09:38:22+00:00,0,0,"POLS: How Our Tier System Works

https://t.co/wRFTc00Afp
$POLS"
75,1473945291552436228,2021-12-23 09:15:16+00:00,0,0,"ONT: Starting Now: Cyberspace 4 Philosophers NFT Staking

https://t.co/QCmca2ETYg
$ONT"
76,1473943846560088065,2021-12-23 09:09:32+00:00,0,0,"Buy BICO, EGLD, GXS &amp; ROSE Directly Using Your Credit/Debit Card

https://t.co/4McPe0YsGX
#Binance @binance $BICO $EGLD $GXS $ROSE"
77,1473929523599134720,2021-12-23 08:12:37+00:00,0,0,"Binance Staking Launches PORTO Staking with APY Up to 40.45%

https://t.co/FaODcL5HV3
#Binance @binance $PORTO"
78,1473918821027229700,2021-12-23 07:30:05+00:00,0,0,"[NFT Event] Airdrop event for waste tire material by Yongho Ji, a waste tire material for NFT members

https://t.co/qtkSFi5XkN
#Upbit @upbitglobal"
79,1473906349113237506,2021-12-23 06:40:32+00:00,0,1,"KEY: KEY Token Gets Listed on Bitrue

https://t.co/PrdNDWLQ6g
$KEY"
80,1473898898003578886,2021-12-23 06:10:55+00:00,1,1,"CLV: Join Clover Finance Global Ambassador Program

https://t.co/HuLGPPdENU
$CLV"
81,1473892358479622151,2021-12-23 05:44:56+00:00,0,0,"Convex Finance (CVX) Listing Postponed

https://t.co/bgI8puKAZA
#Binance @binance"
82,1473867365846859783,2021-12-23 04:05:37+00:00,0,0,"Santa Is Here: Collect Cryptmas Metaverse Mystery Boxes at Only 5 BUSD and Share $120,000 in Metaverse Tokens!

https://t.co/EaxVlzEB6J
#Binance @binance $BUSD"
83,1473854709232541699,2021-12-23 03:15:20+00:00,0,0,"[Inspection] Guide to checking the authenticity of ID card (Resident ID card available) (12/23 19:00~)

https://t.co/i8bmC13HuG
#Upbit @upbitglobal"
84,1473852266939568128,2021-12-23 03:05:37+00:00,0,0,"Auto-Invest Adding XRP and AVAX

https://t.co/eWGCMFTuxs
#Binance @binance $XRP $AVAX"
85,1473843324742156292,2021-12-23 02:30:05+00:00,0,0,"[Guide] Information on preventing damage caused by financial fraud related programs (remote control apps)

https://t.co/BeKqzuraKD
#Upbit @upbitglobal"
86,1473836588861960196,2021-12-23 02:03:20+00:00,0,0,"Binance Will List Convex Finance (CVX) and ConstitutionDAO (PEOPLE) in the Innovation Zone

https://t.co/tWprJt8zoM
#Binance @binance"
87,1473820243671887884,2021-12-23 00:58:23+00:00,0,0,"KAVA: Top Strategies for Earning with Kava | Loan Wars Update! üöÄ

https://t.co/WWJgqnFQh3
$KAVA"
88,1473809317677699081,2021-12-23 00:14:58+00:00,0,1,"PLA: PlayDapp listed on one of Europe‚Äôs‚Äô leading exchanges ‚ÄúBittrex Global‚Äù.

https://t.co/LAABo6y8sw
$PLA"
89,1473773370802016257,2021-12-22 21:52:07+00:00,0,0,"COINTELEGRAPH: NFT-collateralized loan platform Arcade raises $15M in funding round 

https://t.co/IUo1BjaAix"
90,1473765376056045568,2021-12-22 21:20:21+00:00,0,0,"FLUX: TCP/IP to Web 3.0: The Digital Story of a New Internet on Flux

https://t.co/Th0YPZhi5q
$FLUX"
91,1473762084949221390,2021-12-22 21:07:16+00:00,1,0,"COINTELEGRAPH: Hong Kong NFT project Monkey Kingdom loses $1.3M in phishing hack, launches compensation fund

https://t.co/qfSNYV6sV1"
92,1473755541684068353,2021-12-22 20:41:16+00:00,1,0,"COINDESK: Teenage Suspect in $16M DeFi Hack Wanted for Arrest in Canada

https://t.co/GuxpmkH7sn"
93,1473755413250256898,2021-12-22 20:40:46+00:00,0,0,"ANT: 2021 = 2020^10

https://t.co/ZZwj0fjFkf
$ANT"
94,1473749164861362178,2021-12-22 20:15:56+00:00,0,1,"THE BLOCK: Crypto companies raised just over $25 billion in venture funding during 2021

https://t.co/gDO3KBztue"
95,1473745387274047492,2021-12-22 20:00:55+00:00,0,0,"FLUX: 30-in-30: Third-Week Recap

https://t.co/gxCwFFI4qb
$FLUX"
96,1473734734886932480,2021-12-22 19:18:36+00:00,1,0,"CHZ: https://t.co/dQfs6xiWUo NAMED OFFICIAL PARTNER OF THE NEW YORK KNICKS AND NEW YORK RANGERS

https://t.co/Do1H7GAWaV
$CHZ"
97,1473716051615666180,2021-12-22 18:04:21+00:00,0,0,"ETH: EF-Supported Teams: Research &amp; Development Roundup

https://t.co/zN1aJ0TCi2
$ETH"
98,1473714158906626059,2021-12-22 17:56:50+00:00,0,0,"PROS: 2021¬†: The rise of Prosper

https://t.co/rTahC1phvW"
99,1473713764281237508,2021-12-22 17:55:16+00:00,0,0,"WAXP: Kolobok Adventures Evolves on WAX

https://t.co/GXOTkNbUtO
$WAXP"
100,1473712459231936521,2021-12-22 17:50:05+00:00,1,0,"WAVES: Quickswap LP mining

https://t.co/GA3w98xidw
$WAVES"
101,1473710878319161346,2021-12-22 17:43:48+00:00,1,0,"DEXE: DeXe‚Äôs New Year‚Äôs Contest

https://t.co/SFYh1SKbXO
$DEXE"
102,1473708258158428164,2021-12-22 17:33:23+00:00,0,0,"FLM: Neoverse Blind box contest

https://t.co/rg6cxEfanL
$FLM"
103,1473705341439385617,2021-12-22 17:21:48+00:00,1,0,"SUSHI: Celo Farms Update: Migrating to the Optics V2 Bridge

https://t.co/KU0h5gBYzi
$SUSHI"
104,1473702597286637572,2021-12-22 17:10:53+00:00,0,0,"COTI: COTI Native has been added to COTI‚Äôs Bank Account!

https://t.co/jsky2TVXYk
$COTI"
105,1473700038840836110,2021-12-22 17:00:43+00:00,1,0,"THE BLOCK: NFT lending platform Arcade raises $15 million in Series A funding

https://t.co/cTDw9aWAiT"
106,1473699897895440387,2021-12-22 17:00:10+00:00,0,0,"COINDESK: Arcade Raises $15M to Offer NFT-Backed Loans

https://t.co/IEkqzQBgBB"
107,1473699888294776837,2021-12-22 17:00:08+00:00,0,0,"COINDESK: B.Protocol Raises $2.2M to Backstop DeFi Liquidations

https://t.co/GYWTmH2ZQD"
108,1473682365989928970,2021-12-22 15:50:30+00:00,0,0,"COINTELEGRAPH: Bitcoin holds off on Santa rally as fund forecasts a new year 'short squeeze' 

https://t.co/CUSxO4ijto"
109,1473679592342921220,2021-12-22 15:39:29+00:00,3,0,"UTK: An insider‚Äôs look into the product team

https://t.co/KZJzsAEszv
$UTK"
110,1473678048750882823,2021-12-22 15:33:21+00:00,0,0,"COINDESK: Dapper, CoinFund Back ‚ÄòSPACE‚Äô Metaverse Play With $7M Raise

https://t.co/CesNNjocg4"
111,1473666511873130500,2021-12-22 14:47:30+00:00,0,0,"DAOs: Social networks that can rewire the world

https://t.co/nRtqm14xrR
#Coinbase @coinbase"
112,1473664240510803979,2021-12-22 14:38:28+00:00,0,0,"COINTELEGRAPH: Decentralized firm partners exclusive NFT designer in events ticketing solution

https://t.co/LZW8y18nt7"
113,1473656946087665673,2021-12-22 14:09:29+00:00,1,0,"EGLD: Interoperability Boost: Elrond Integrates With Chainge Finance, Enabling Assets From 13 Other Chains To Roam Freely To And From The Elrond Mainnet

https://t.co/3ZKnl0NX0y
$EGLD"
114,1473655816205086723,2021-12-22 14:05:00+00:00,0,0,"DIA: Partnership with UPFI Network

https://t.co/TZzOxXCmf6
$DIA"
115,1473654662595330049,2021-12-22 14:00:25+00:00,0,0,"THE BLOCK: L2 Labs Launches All-in-One Layer2 Platform ZKSpace, Featuring ZKSwap v3.0, NFTs, &amp; Payments

https://t.co/s4Vz0OwFje"
116,1473654603711459337,2021-12-22 14:00:11+00:00,2,0,"Introducing BNB Auto-Burn: A New Protocol for Quarterly BNB Burns

https://t.co/vzMbvl15uV
#Binance @binance $BNB"
117,1473654559750897670,2021-12-22 14:00:00+00:00,0,0,"MASK: Matrix World √ó MaskBox: the first NFT Mystery Box purchase on Twitter

https://t.co/wfos5fiXOq
$MASK"
118,1473654527991717889,2021-12-22 13:59:53+00:00,0,0,"Coinbase Prime and Enfusion team up to bring seamless crypto trading to institutional investors

https://t.co/mS1TsreLsJ
#Coinbase @coinbase"
119,1473654069222952966,2021-12-22 13:58:03+00:00,2,0,"MC: Gaming industry veteran Omar Ramirez joins Merit Circle to lead development of the platform

https://t.co/9AUC13BR0S
$MC"
120,1473652615422660610,2021-12-22 13:52:17+00:00,1,0,"CELO: The Celo Community Ends the Year Strong

https://t.co/mnZJsKBIKr
$CELO"
121,1473646747582881796,2021-12-22 13:28:58+00:00,0,0,"ICX: ICE and SNOW‚Ää‚Äî‚ÄäICON‚Äôs Entry Into the Polkadot Ecosystem

https://t.co/4ohuIjavIn
$ICX"
122,1473646028519878659,2021-12-22 13:26:06+00:00,0,0,"WAVES: Metarace Roadmap

https://t.co/aDccH2WWJN
$WAVES"
123,1473639837597159428,2021-12-22 13:01:30+00:00,1,0,"SLND: SLND Staking

https://t.co/6SwJbNEilc"
124,1473639517982707716,2021-12-22 13:00:14+00:00,1,0,"COINDESK: Justin Sun Reveals He Was Secret $28M Bidder for Seat on Bezos‚Äô Spaceship

https://t.co/TPs3v6bK2N"
125,1473638945514741763,2021-12-22 12:57:58+00:00,0,0,"AKRO: Christmas @ Akropolis 2021 | Christmas Edition NFTs GiveawayüéÑ

https://t.co/sqvBgyHe1S
$AKRO"
126,1473637316824637447,2021-12-22 12:51:29+00:00,0,0,"PUNDIX: A OVO Dijital Servisle pretende abrir 100 casas de c√¢mbio da Pundi X em 2022 na Turquia

https://t.co/Vu34rV4Js5
$PUNDIX"
127,1473634135533051910,2021-12-22 12:38:51+00:00,1,0,"BEAM: Beam Hotfix‚Ää‚Äî‚ÄäFierce Fermion 6.2.12508‚Ää‚Äî‚ÄäRelease Notes

https://t.co/zrauQgkY7C
$BEAM"
128,1473631947968688133,2021-12-22 12:30:09+00:00,0,0,"COINDESK: What Ethereum‚Äôs Kintsugi Testnet Means for Proof-of-Stake

https://t.co/Eoca0EvwMI"
129,1473625076792799232,2021-12-22 12:02:51+00:00,0,0,"ONT: Christmas Party ONG Giveaway!

https://t.co/5OPjZKcEmS
$ONT $ONG"
130,1473625075723247624,2021-12-22 12:02:51+00:00,0,0,"ELF: New Track Added: C# Contract Audition

https://t.co/oEnNyf8fAg
$ELF"
131,1473624550403411983,2021-12-22 12:00:46+00:00,0,0,"POLS: How to participate in a Celo Pool during a Polkastarter IDO

https://t.co/xGzY0Un9zK
$POLS"
132,1473624495462174723,2021-12-22 12:00:32+00:00,1,0,"https://t.co/YWYdcHmo95 WILL RUN ITS FIRST SUPER BOWL AD AMID MARKETING BLITZ - WSJ

https://t.co/3J6mTpb1VW
$SUPER"
133,1473623060263673861,2021-12-22 11:54:50+00:00,0,0,"CHINA EVERGRANDE SAYS STATE-BACKED RISK TEAM WILL ENGAGE WITH CREDITORS - WSJ

https://t.co/YLESC4ZRx5"
134,1473619387374616577,2021-12-22 11:40:15+00:00,1,0,"COINTELEGRAPH: China‚Äôs state-run news agency to launch NFT collection

https://t.co/8XImt06hyW"
135,1473616120099782660,2021-12-22 11:27:16+00:00,1,0,"THE BLOCK: Chinese news site Xinhua to mint NFTs on Tencent‚Äôs enterprise blockchain

https://t.co/H3hGUVkPDx"
136,1473613593300058121,2021-12-22 11:17:13+00:00,0,0,"COINTELEGRAPH: Missed out on hot crypto stocks in 2021? It paid just to buy Bitcoin and Ethereum, data shows

https://t.co/fJxf4faHpF"
137,1473612361319735297,2021-12-22 11:12:19+00:00,0,0,"IOST: IOST AMA Recap | Ludena Protocol‚Äôs COO Kenneth Lee

https://t.co/6v0j8IvOeY
$IOST"
138,1473609986014158854,2021-12-22 11:02:53+00:00,0,0,"ONT: Ontology Weekly Report (December 14‚Äì20, 2021)

https://t.co/ctklhhahl2
$ONT"
139,1473609313415540748,2021-12-22 11:00:13+00:00,0,0,"Yuletide Season Trading Competition: $5,000 in BUSD to Be Shared!

https://t.co/ceowjrxnRg
#Binance @binance $BUSD"
140,1473608072459436036,2021-12-22 10:55:17+00:00,0,0,"LIT: Litentry this week: parachain moved rust to 2021 edition; mobile app preparing community testing‚Ä¶

https://t.co/kZaOpmO9Je
$LIT"
141,1473605131178590218,2021-12-22 10:43:36+00:00,0,0,"POLS: Catching up with Polkastars: Saito

https://t.co/2u51B4Y8Om
$POLS"
142,1473601992538955776,2021-12-22 10:31:07+00:00,0,0,"72nd Phase of Dual Investment Launched

https://t.co/wT5lP4gZEA
#Binance @binance"
143,1473598013264310276,2021-12-22 10:15:19+00:00,1,0,"Huobi Global Will List PEOPLE (ConstitutionDAO) in the Pioneer Zone on December 22, 2021

https://t.co/TC1w4Gn99y
#Huobi @HuobiGlobal"
144,1473592151980318723,2021-12-22 09:52:01+00:00,0,0,"Share Your #MyCryptoWish with @binance - 10 Will Come True!

https://t.co/nKRsmNPo7J
#Binance"
145,1473581155098189827,2021-12-22 09:08:19+00:00,0,0,"MBS: Adding an MBS Associated Account to your Wallet

https://t.co/jhfo4rHzPc"
146,1473579152460500993,2021-12-22 09:00:22+00:00,0,0,"Calling for All NEAR Fans: Learn &amp; Earn NEAR - $100,000 Rewards Up for Grabs!

https://t.co/KU3IG9Xcn9
#Binance @binance $NEAR"
147,1473578109676961798,2021-12-22 08:56:13+00:00,1,0,"DFL: DeFi Land Public Testing‚Ää‚Äî‚ÄäWhat you need to know

https://t.co/P1FtKtWN99"
148,1473576319120248832,2021-12-22 08:49:06+00:00,1,0,"MDT: MDT is now listed on CoinBase Pro!

https://t.co/zoXkYS9fQz
$MDT"
149,1473573004382818304,2021-12-22 08:35:56+00:00,0,0,"[Digital Asset] Announcement of payment of APENFT to members with Tron (TRX), BitTorrent (BTT), Just (JST), and WINK (WIN) in December

https://t.co/f6TpYlfNPz
#Upbit @upbitglobal $TRX $BTT $JST $WIN"
150,1473556660891365377,2021-12-22 07:30:59+00:00,0,0,"[NFT Drops] Asking questions about the environment and humans with waste tires, Writer Ji Yong-ho

https://t.co/WWwC9yJudC
#Upbit @upbitglobal"
151,1473552213435953154,2021-12-22 07:13:19+00:00,0,0,"KNC: ZKyber: A New DEX Trading Experience based on ZK-Rollups

https://t.co/PZLwN4VO3G
$KNC"
152,1473543842666369028,2021-12-22 06:40:03+00:00,0,0,"COTI Staking Special: Enjoy Up to 35.49% APY and Share 108,000 COTI in Rewards

https://t.co/B1gMlYz0Sg
#Binance @binance $COTI"
153,1473542618223104001,2021-12-22 06:35:11+00:00,0,0,"BTT: Tutorial: How to swap BTTOLD to BTT

https://t.co/CGIvd3KWTL
$BTT"
154,1473533929462419457,2021-12-22 06:00:40+00:00,0,0,"COINDESK: OSL Hires Senior Execs to Support Rising Volumes, New Products and Global Expansion

https://t.co/jreokZ3r5K"
155,1473525598551265284,2021-12-22 05:27:34+00:00,0,0,"Christmas Special Offer - Earn Up to 6X More with Savings

https://t.co/mXbyNMNYK7
#Binance @binance"
156,1473503573438832646,2021-12-22 04:00:02+00:00,2,0,"[Transaction] BTC market digital assets added (GTC, OCEAN)

https://t.co/b4Kup7GUZG
#Upbit @upbitglobal $BTC $GTC $OCEAN"
157,1473489164956057610,2021-12-22 03:02:47+00:00,0,0,"Binance Will Support the NavCoin (NAV) Network Upgrade &amp; Hard Fork

https://t.co/9BXBKFXjvp
#Binance @binance $NAV"
158,1473489049927180295,2021-12-22 03:02:20+00:00,0,0,"[Information] Icon (ICX) deposit and withdrawal suspension notice

https://t.co/42YTDlXVqO
#Upbit @upbitglobal $ICX"
159,1473480128554545156,2021-12-22 02:26:53+00:00,1,1,"CLV: Clover Finance is supporting Jake Paul‚Äôs Boxing Bullies charity events in Miami to help combat‚Ä¶

https://t.co/XtsgsXoVHs
$CLV"
160,1473445469993017349,2021-12-22 00:09:09+00:00,3,0,"GRT: The Graph: Year One and The Web3 Renaissance

https://t.co/t0cxYeH4wU
$GRT"
161,1473434058780725256,2021-12-21 23:23:49+00:00,0,0,"Perspective: Bitcoin is not boring

https://t.co/U1HxL1phgz
#Coinbase @coinbase"
162,1473417870830972934,2021-12-21 22:19:29+00:00,0,0,"‚ÄòDEAD MAN‚ÄôS SWITCH: A CRYPTO MYSTERY‚Äô REVIEW: HE TOOK THEIR FORTUNES TO THE GRAVE - WSJ

https://t.co/fWBJQATGE9"
163,1473412081953218571,2021-12-21 21:56:29+00:00,0,0,"GALA: Mirandus VOX‚Ää‚Äî‚ÄäThe Great Revealing

https://t.co/swPeZnByIs
$GALA"
164,1473409452246282240,2021-12-21 21:46:02+00:00,0,0,"FLM: FLM Hodler Program

https://t.co/tV0BofNxod
$FLM"
165,1473403098899132421,2021-12-21 21:20:47+00:00,0,0,"SAND: The deadmau5 NFT Drop

https://t.co/Hc5FsYcDHK
$SAND"
166,1473398546837741568,2021-12-21 21:02:42+00:00,3,1,"MFT: Lending Tutorial: Hifi v1 Public Preview on Polygon

https://t.co/FDOqhnPftm
$MFT"
167,1473387239392661511,2021-12-21 20:17:46+00:00,0,0,"MBS: MBS Token Launch. SUCCESS!

https://t.co/4zNqLDlUoJ"
168,1473378386412245001,2021-12-21 19:42:36+00:00,1,0,"OXT: Digital privacy in 2022: Orchid‚Äôs top 5 privacy predictions for the coming year

https://t.co/SzJUpOHbne
$OXT"
169,1473378147517280262,2021-12-21 19:41:39+00:00,0,0,"GALA: Genesis Curry Flow NFTs

https://t.co/U43qQuWVNw
$GALA"
170,1473363747292987399,2021-12-21 18:44:25+00:00,1,0,"BEL: Recap on 12/18 Bella Protocol x Binance TR AMA with Co-Founder Yemu Xu

https://t.co/9J32xLs0Xj
$BEL"
171,1473358789323763712,2021-12-21 18:24:43+00:00,1,0,"MANA: The sky is moving!

https://t.co/oCjkSEmgWP
$MANA"
172,1473347790176665602,2021-12-21 17:41:01+00:00,0,0,"THE BLOCK: Crypto exchange Kraken acquires staking startup Staked

https://t.co/7BUvXrdxy5"
173,1473347112737951748,2021-12-21 17:38:19+00:00,0,0,"COINTELEGRAPH: Crypto exchange Kraken acquires non-custodial staking platform Staked

https://t.co/5vvCAN1PC9"
174,1473346161276854278,2021-12-21 17:34:32+00:00,0,0,"The Next Phase of The Render Network: Building The Open Metaverse with Multicoin Capital

https://t.co/mXSrMn3GZ5"
175,1473342698950115332,2021-12-21 17:20:47+00:00,3,0,".@coinbase too busy posting one-month-old post mortems to list any coins, please come back next year. https://t.co/tmBl5QUbSC"
176,1473342221344772096,2021-12-21 17:18:53+00:00,1,0,"Incident Post Mortem: November 23, 2021

https://t.co/cL1BDw32Ys
#Coinbase @coinbase"
177,1473337998553010177,2021-12-21 17:02:06+00:00,0,0,"XRP: The Ripple Drop: From the 2021 Apex XRPL Developer Summit

https://t.co/3uCmtWwLrS"
178,1473335450257481728,2021-12-21 16:51:59+00:00,0,0,"ERN: Stone Farming Event #4| Drop Guide

https://t.co/mXeCvlnUR1
$ERN"
179,1473333137795162112,2021-12-21 16:42:47+00:00,0,1,"FIL: Filecoin Green

https://t.co/ahllBGOPM2
$FIL"
180,1473333128752160771,2021-12-21 16:42:45+00:00,0,0,"PUNDIX: OVO Dijital Servisle targets opening 100 Turkish Pundi X cryptocurrency stores in 2022

https://t.co/u8OYQGPX3U
$PUNDIX"
181,1473331601832620043,2021-12-21 16:36:41+00:00,0,0,"COINDESK: Crypto Exchange Kraken Acquires Staking Platform Staked

https://t.co/41rXwPmQko"
182,1473329953102086146,2021-12-21 16:30:08+00:00,0,0,"COINTELEGRAPH: Crypto. com partners with Los Angeles' Angel City Football Club

https://t.co/sChBi530Bd"
183,1473329743697170435,2021-12-21 16:29:18+00:00,0,0,"FLOW: Partner Spotlight: Unblocked goes beyond the drop on Flow

https://t.co/7Bs9UxQvjX
$FLOW"
184,1473328290031181825,2021-12-21 16:23:32+00:00,12,5,"iExec releases V7: Optimizing Confidential Computing Throughput &amp; Improved UX with ENS features

https://t.co/w2KfQIKetA
$ENS"
185,1473326298042880005,2021-12-21 16:15:37+00:00,6,2,"NEW: BSC $100M Liquidity Incentive: Celer Network $CELR Becomes the 5th Recipient

https://t.co/RSud1GxlyG"
186,1473324113045471235,2021-12-21 16:06:56+00:00,0,0,"STARS: Tiny Colony Whitelist Sale Opens Soon!

https://t.co/sZl1UKKsDI"
187,1473322706410082311,2021-12-21 16:01:20+00:00,0,0,"1INCH: 1inch DeFi Racer starts off!

https://t.co/cSR5rigaHM
$1INCH"
188,1473322296832151562,2021-12-21 15:59:43+00:00,1,0,"DIA: 2021 at a Glance: Press Clippings

https://t.co/gsscnmwM4A
$DIA"
189,1473319571851468807,2021-12-21 15:48:53+00:00,17,4,"QNT: Overledger 2.1.5 release

https://t.co/8kFcICLPXN
$QNT"
190,1473315689788329990,2021-12-21 15:33:27+00:00,1,0,"Introducing: L2 Counterfactual Wallet and FIAT on-ramps

https://t.co/L0AuQXCw0o"
191,1473313894781304845,2021-12-21 15:26:20+00:00,0,0,"REN: VarenX Integrates RenVM

https://t.co/4MWFsEE8Il
$REN"
192,1473309306351239169,2021-12-21 15:08:06+00:00,0,0,"COINTELEGRAPH: Interlay raises $6.5mm to accelerate Bitcoin DeFi interoperability 

https://t.co/xI10qbQFdR"
193,1473307512048869379,2021-12-21 15:00:58+00:00,10,5,"COINDESK: Decentralized Rendering Engine Raises $30M in RNDR Token Sale as Metaverse Graphics Go Big

https://t.co/sE5jQp7m5B
$RNDR"
194,1473307361238568961,2021-12-21 15:00:22+00:00,0,0,"THE BLOCK: Metaverse infrastructure startup Render Network raises $30 million in token round

https://t.co/db139wl7z5"
195,1473300984160034825,2021-12-21 14:35:01+00:00,1,0,"EGLD: EGLD Is Now Listed On Bybit

https://t.co/YgqWEav9nc
$EGLD"
196,1473299516866584583,2021-12-21 14:29:12+00:00,0,0,"DOT: Making History, Again: Polkadot Auctions 1-5

https://t.co/HmGbBhIt92
$DOT"
197,1473296429586255877,2021-12-21 14:16:55+00:00,0,0,"CND: Metaverse, NFTs, and DeFi: 3 Game-Changing Crypto Trends

https://t.co/cFneVO3VVn
$CND"
198,1473295126768271370,2021-12-21 14:11:45+00:00,4,1,"COTI: COTI Partners With AdaSwap To Explore DEX Listing &amp; Integration Opportunities for Djed Stablecoin

https://t.co/0NiZhjDXyx
$COTI"
199,1473292514060865538,2021-12-21 14:01:22+00:00,5,0,"ALEPH: https://t.co/1iAxtgbR07 partners with Ubisoft to bring playable NFTs to AAA games for the first time

https://t.co/n5FWiPyhud"
